mAP50,mAP75,mAP50_95,mean_precision,mean_recall
0.44351571600822454,0.3443740062434966,0.29224208890796555,0.44987744142845365,0.45701530167030374
