mAP50,mAP75,mAP50_95,mean_precision,mean_recall
0.4661593890470149,0.36033667558064764,0.3110978560979568,0.4709576358720668,0.4805066090054928
